Id,Hrs,Min,Secs,Day,date,Month,Year,Count
1,7,15,15,7,1,8,2020,10
2,7,35,57,7,1,8,2020,12
3,7,hello,45,7,1,8,2020,29
4,8,15,10,7,1,8,2020,33
5,8,35,20,7,1,8,2020,25
6,8,55,35,vshbjn,1,8,2020,25
7,9,15,45,7,1,8,2020,35
8,9,35,10,7,1,8,2020,45
9,9,55,20,7,1,8,2020,20
10,shbx,15,45,7,1,8,2020,75
11,10,35,14,7,1,8,2020,46
12,10,55,20,7,1,8,2020,44
13,11,15,25,7,1,8,2020,40
14,11,25,35,7,1,8,2020,55
15,11,40,50,7,1,8,2020,15
16,11,55,55,7,1,8,2020,57
17,12,15,45,7,1,8,2020,45
18,12,35,10,7,1,8,2020,10
19,12,55,20,7,1,8,2020,20
20,7,15,15,1,2,8,2020,42
21,7,35,57,1,2,8,2020,19
22,7,55,45,1,2,8,2020,47
23,8,15,10,1,2,8,2020,12
24,8,35,20,1,2,8,2020,2
25,8,55,35,1,2,8,2020,50
26,9,15,45,1,2,8,2020,17
27,9,35,10,1,2,8,2020,15
28,9,55,20,1,2,8,2020,31
29,10,15,45,1,2,8,2020,23
30,10,35,14,1,2,8,2020,5
31,10,55,20,1,2,8,2020,43
32,11,15,25,1,2,8,2020,20
33,11,25,35,1,2,8,2020,14
34,11,40,50,1,2,8,2020,14
35,11,55,55,1,2,8,2020,27
36,12,15,45,1,2,8,2020,22
37,12,35,10,1,2,8,2020,38
38,12,55,20,1,2,8,2020,35
39,7,15,15,2,3,8,2020,33
40,7,35,57,2,3,8,2020,2
41,7,55,45,2,3,8,2020,38
42,8,15,10,2,3,8,2020,18
43,8,35,20,2,3,8,2020,16
44,8,55,35,2,3,8,2020,16
45,9,15,45,2,3,8,2020,41
46,9,35,10,2,3,8,2020,5
47,9,55,20,2,3,8,2020,46
48,10,15,45,2,3,8,2020,15
49,10,35,14,2,3,8,2020,48
50,10,55,20,2,3,8,2020,45
51,11,15,25,2,3,8,2020,49
52,11,25,35,2,3,8,2020,17
53,11,40,50,2,3,8,2020,11
54,11,55,55,2,3,8,2020,47
55,12,15,45,2,3,8,2020,21
56,12,35,10,2,3,8,2020,15
57,12,55,20,2,3,8,2020,23
58,7,15,15,3,4,8,2020,29
59,7,35,57,3,4,8,2020,26
60,7,55,45,3,4,8,2020,47
61,8,15,10,3,4,8,2020,15
62,8,35,20,3,4,8,2020,43
63,8,55,35,3,4,8,2020,5
64,9,15,45,3,4,8,2020,18
65,9,35,10,3,4,8,2020,50
66,9,55,20,3,4,8,2020,19
67,10,15,45,3,4,8,2020,13
68,10,35,14,3,4,8,2020,41
69,10,55,20,3,4,8,2020,39
70,11,15,25,3,4,8,2020,37
71,11,25,35,3,4,8,2020,28
72,11,40,50,3,4,8,2020,46
73,11,55,55,3,4,8,2020,34
74,12,15,45,3,4,8,2020,32
75,12,35,10,3,4,8,2020,48
76,12,55,20,3,4,8,2020,26
77,7,15,15,4,5,8,2020,31
78,7,35,57,4,5,8,2020,27
79,7,55,45,4,5,8,2020,41
80,8,15,10,4,5,8,2020,41
81,8,35,20,4,5,8,2020,14
82,8,55,35,4,5,8,2020,42
83,9,15,45,4,5,8,2020,38
84,9,35,10,4,5,8,2020,35
85,9,55,20,4,5,8,2020,29
86,10,15,45,4,5,8,2020,1
87,10,35,14,4,5,8,2020,11
88,10,55,20,4,5,8,2020,22
89,11,15,25,4,5,8,2020,35
90,11,25,35,4,5,8,2020,15
91,11,40,50,4,5,8,2020,49
92,11,55,55,4,5,8,2020,44
93,12,15,45,4,5,8,2020,29
94,12,35,10,4,5,8,2020,48
95,12,55,20,4,5,8,2020,34
96,7,15,15,5,6,8,2020,13
97,7,35,57,5,6,8,2020,32
98,7,55,45,5,6,8,2020,24
99,8,15,10,5,6,8,2020,44
100,8,35,20,5,6,8,2020,8
101,8,55,35,5,6,8,2020,22
102,9,15,45,5,6,8,2020,29
103,9,35,10,5,6,8,2020,39
104,9,55,20,5,6,8,2020,17
105,10,15,45,5,6,8,2020,44
106,10,35,14,5,6,8,2020,37
107,10,55,20,5,6,8,2020,35
108,11,15,25,5,6,8,2020,1
109,11,25,35,5,6,8,2020,4
110,11,40,50,5,6,8,2020,24
111,11,55,55,5,6,8,2020,20
112,12,15,45,5,6,8,2020,7
113,12,35,10,5,6,8,2020,49
114,12,55,20,5,6,8,2020,28
115,7,15,15,6,7,8,2020,50
116,7,35,57,6,7,8,2020,32
117,7,55,45,6,7,8,2020,32
118,8,15,10,6,7,8,2020,44
119,8,35,20,6,7,8,2020,30
120,8,55,35,6,7,8,2020,43
121,9,15,45,6,7,8,2020,24
122,9,35,10,6,7,8,2020,34
123,9,55,20,6,7,8,2020,29
124,10,15,45,6,7,8,2020,4
125,10,35,14,6,7,8,2020,29
126,10,55,20,6,7,8,2020,17
127,11,15,25,6,7,8,2020,37
128,11,25,35,6,7,8,2020,37
129,11,40,50,6,7,8,2020,25
130,11,55,55,6,7,8,2020,26
131,12,15,45,6,7,8,2020,10
132,12,35,10,6,7,8,2020,45
133,12,55,20,6,7,8,2020,35
134,7,15,15,7,8,8,2020,9
135,7,35,57,7,8,8,2020,48
136,7,55,45,7,8,8,2020,24
137,8,15,10,7,8,8,2020,1
138,8,35,20,7,8,8,2020,9
139,8,55,35,7,8,8,2020,38
140,9,15,45,7,8,8,2020,42
141,9,35,10,7,8,8,2020,41
142,9,55,20,7,8,8,2020,34
143,10,15,45,7,8,8,2020,28
144,10,35,14,7,8,8,2020,39
145,10,55,20,7,8,8,2020,47
146,11,15,25,7,8,8,2020,27
147,11,25,35,7,8,8,2020,23
148,11,40,50,7,8,8,2020,1
149,11,55,55,7,8,8,2020,37
150,12,15,45,7,8,8,2020,15
151,12,35,10,7,8,8,2020,12
152,12,55,20,7,8,8,2020,14
153,7,15,15,8,9,8,2020,17
154,7,35,57,8,9,8,2020,37
155,7,55,45,8,9,8,2020,40
156,8,15,10,8,9,8,2020,25
157,8,35,20,8,9,8,2020,24
158,8,55,35,8,9,8,2020,46
159,9,15,45,8,9,8,2020,25
160,9,35,10,8,9,8,2020,27
161,9,55,20,8,9,8,2020,29
162,10,15,45,8,9,8,2020,26
163,10,35,14,8,9,8,2020,3
164,10,55,20,8,9,8,2020,17
165,11,15,25,8,9,8,2020,27
166,11,25,35,8,9,8,2020,30
167,11,40,50,8,9,8,2020,10
168,11,55,55,8,9,8,2020,10
169,12,15,45,8,9,8,2020,35
170,12,35,10,8,9,8,2020,12
171,12,55,20,8,9,8,2020,10
